"","pathway","pathway_name","size","coverage","min_alpha_eBH","min_alpha_BY","min_alpha_Su","TDP","TDP_pvalue"
"1","mmu00660",NA,1,0.5,0.050018310546875,3.0517578125e-05,0,1,7.57503202883562e-35
"2","mmu00290",NA,2,0.5,0.024993896484375,3.0517578125e-05,0,1,6.44160167672287e-34
"3","mmu03264","Virion - Flavivirus and Alphavirus",3,0.230769230769231,1,1,0.699554443359375,0.666666666666667,3.44724883209308e-20
"4","mmu03265","Virion - Ebolavirus, Lyssavirus and Morbillivirus",6,0.352941176470588,1,1,0.699554443359375,0.666666666666667,1.07970535904077e-17
"5","mmu00604","Glycosphingolipid biosynthesis - ganglio series",14,0.933333333333333,1,1,0.459686279296875,0.714285714285714,9.29458318590206e-14
"6","mmu04964","Proximal tubule bicarbonate reclamation",16,0.727272727272727,1,1,0.675811767578125,0.625,2.04733260204794e-10
"7","mmu00603","Glycosphingolipid biosynthesis - globo and isoglobo series",15,0.882352941176471,1,1,0.521881103515625,0.666666666666667,4.55104429014529e-10
"8","mmu03260","Virion - Human immunodeficiency virus",2,0.2,0.024993896484375,3.0517578125e-05,0,1,6.09182434873341e-10
"9","mmu04973","Carbohydrate digestion and absorption",29,0.591836734693878,1,1,0.746978759765625,0.586206896551724,1.32100170038308e-09
"10","mmu00730","Thiamine metabolism",11,0.733333333333333,1,1,0.491790771484375,0.818181818181818,4.4561255092972e-08
"11","mmu00100","Steroid biosynthesis",18,0.9,1,1,0.756195068359375,0.611111111111111,1.32522555207018e-07
"12","mmu05144","Malaria",20,0.303030303030303,1,1,0.596588134765625,0.75,1.22684933717403e-06
"13","mmu01230","Biosynthesis of amino acids",64,0.810126582278481,1,1,0.626251220703125,0.682539682539683,1.43010835080485e-06
"14","mmu00533","Glycosaminoglycan biosynthesis - keratan sulfate",12,0.857142857142857,1,1,0.699249267578125,0.666666666666667,1.05440089461405e-05
"15","mmu03008","Ribosome biogenesis in eukaryotes",75,0.490196078431373,1,1,0.582244873046875,0.68,4.26539289444871e-05
"16","mmu00670","One carbon pool by folate",32,0.864864864864865,1,1,0.626617431640625,0.65625,0.00012415592861477
"17","mmu00053","Ascorbate and aldarate metabolism",10,0.3125,1,1,0.731842041015625,0.6,0.000374891600449765
"18","mmu00040","Pentose and glucuronate interconversions",16,0.432432432432432,1,1,0.675994873046875,0.6875,0.000378130910065898
"19","mmu00600","Sphingolipid metabolism",48,0.857142857142857,1,1,0.699554443359375,0.604166666666667,0.000381979639390992
"20","mmu00785","Lipoic acid metabolism",18,0.947368421052632,1,1,0.556427001953125,0.666666666666667,0.000416569411648912
"21","mmu04392","Hippo signaling pathway - multiple species",25,0.925925925925926,1,1,0.684600830078125,0.64,0.000734879315183433
"22","mmu00970","Aminoacyl-tRNA biosynthesis",44,0.0954446854663774,1,1,0.731170654296875,0.613636363636364,0.00078369400308818
"23","mmu00512","Mucin type O-glycan biosynthesis",23,0.71875,1,1,0.611419677734375,0.608695652173913,0.000843009849602281
"24","mmu04614","Renin-angiotensin system",13,0.361111111111111,1,1,0.569122314453125,0.769230769230769,0.000967820631513773
"25","mmu04960","Aldosterone-regulated sodium reabsorption",28,0.736842105263158,1,1,0.643646240234375,0.642857142857143,0.00103373440620586
"26","mmu00051","Fructose and mannose metabolism",32,0.842105263157895,1,1,0.742767333984375,0.59375,0.0010947020554298
"27","mmu01523","Antifolate resistance",24,0.857142857142857,1,1,0.742767333984375,0.583333333333333,0.00113062722836502
"28","mmu04940","Type I diabetes mellitus",25,0.384615384615385,1,1,0.726898193359375,0.6,0.00161229577568158
"29","mmu00270","Cysteine and methionine metabolism",49,0.859649122807018,1,1,0.721771240234375,0.604166666666667,0.00366048259841308
"30","mmu00330","Arginine and proline metabolism",42,0.777777777777778,1,1,0.672027587890625,0.595238095238095,0.00366048259841308
"31","mmu00360","Phenylalanine metabolism",14,0.666666666666667,1,1,0.752105712890625,0.615384615384615,0.00366048259841308
"32","mmu05143","African trypanosomiasis",14,0.378378378378378,1,1,0.724822998046875,0.642857142857143,0.00480261538891196
"33","mmu00052","Galactose metabolism",24,0.75,1,1,0.722747802734375,0.583333333333333,0.00502303640814696
"34","mmu04156","Integrated stress response (ISR) signaling pathway",50,0.735294117647059,1,1,0.735198974609375,0.612244897959184,0.00727860970748412
"35","mmu00260","Glycine, serine and threonine metabolism",33,0.825,1,1,0.699066162109375,0.606060606060606,0.00737249802548271
"36","mmu00450","Selenocompound metabolism",16,0.941176470588235,1,1,0.742767333984375,0.625,0.00824066088268283
"37","mmu00520","Amino sugar and nucleotide sugar metabolism",34,0.871794871794872,1,1,0.700469970703125,0.617647058823529,0.0127049591014971
"38","mmu04730","Long-term depression",50,0.833333333333333,1,1,0.727630615234375,0.58,0.013213733773913
"39","mmu04340","Hedgehog signaling pathway",50,0.862068965517241,1,1,0.727386474609375,0.58,0.0159685301905639
"40","mmu00601","Glycosphingolipid biosynthesis - lacto and neolacto series",25,0.925925925925926,1,1,0.727508544921875,0.6,0.0179078549883283
"41","mmu00830","Retinol metabolism",26,0.252427184466019,1,1,0.751678466796875,0.615384615384615,0.0227379826619281
"42","mmu04518","Integrin signaling",120,0.784313725490196,1,1,0.697540283203125,0.591666666666667,0.0254819978751739
"43","mmu04978","Mineral absorption",44,0.8,1,1,0.753509521484375,0.590909090909091,0.0259498871343837
"44","mmu05218","Melanoma",62,0.861111111111111,1,1,0.722076416015625,0.580645161290323,0.0274550590421177
"45","mmu04350","TGF-beta signaling pathway",93,0.830357142857143,1,1,0.741546630859375,0.580645161290323,0.0288257954437741
"46","mmu00220","Arginine biosynthesis",16,0.761904761904762,1,1,0.675994873046875,0.625,0.0295503019589308
"47","mmu04640","Hematopoietic cell lineage",44,0.473118279569892,1,1,0.681793212890625,0.590909090909091,0.0384414021156068
"48","mmu00511","Other glycan degradation",16,0.888888888888889,1,1,0.742767333984375,0.625,0.0411829085892907
"49","mmu00561","Glycerolipid metabolism",55,0.859375,1,1,0.692901611328125,0.563636363636364,0.0559660939364966
"50","mmu05146","Amoebiasis",61,0.570093457943925,1,1,0.728240966796875,0.573770491803279,0.0576724213085194
"51","mmu04517","IgSF CAM signaling",230,0.766666666666667,1,1,0.713897705078125,0.578260869565217,0.0622488345056953
"52","mmu00524",NA,3,0.6,1,1,0.699554443359375,0.333333333333333,0.0638371485192888
"53","mmu01200","Carbon metabolism",102,0.829268292682927,1,1,0.734222412109375,0.564356435643564,0.0660615380590672
"54","mmu00480","Glutathione metabolism",54,0.73972602739726,1,1,0.699127197265625,0.555555555555556,0.0842740906632507
"55","mmu00430","Taurine and hypotaurine metabolism",10,0.454545454545455,1,1,0.766510009765625,0.5,0.0856700824957176
"56","mmu04514","Cell adhesion molecule (CAM) interaction",95,0.53072625698324,1,1,0.713470458984375,0.578947368421053,0.089444295564817
"57","mmu04981","Folate transport and metabolism",23,0.851851851851852,1,1,0.715118408203125,0.565217391304348,0.0944154365189573
"58","mmu04810","Regulation of actin cytoskeleton",188,0.803418803418803,1,1,0.726959228515625,0.566844919786096,0.0963431103815794
"59","mmu00514","Other types of O-glycan biosynthesis",37,0.822222222222222,1,1,0.689422607421875,0.567567567567568,0.100046224957288
"60","mmu04520","Adherens junction",86,0.934782608695652,1,1,0.727142333984375,0.558139534883721,0.109384823145902
"61","mmu01210","2-Oxocarboxylic acid metabolism",29,0.852941176470588,1,1,0.729095458984375,0.551724137931034,0.126839583221624
"62","mmu00630","Glyoxylate and dicarboxylate metabolism",27,0.818181818181818,1,1,0.720306396484375,0.518518518518518,0.128168470129012
"63","mmu04360","Axon guidance",162,0.895027624309392,1,1,0.731048583984375,0.537037037037037,0.136080064943703
"64","mmu04510","Focal adhesion",171,0.846534653465347,1,1,0.724639892578125,0.552941176470588,0.148802019961247
"65","mmu04148","Efferocytosis",127,0.779141104294479,1,1,0.737457275390625,0.52755905511811,0.180270760843687
"66","mmu04919","Thyroid hormone signaling pathway",109,0.908333333333333,1,1,0.743011474609375,0.513761467889908,0.180852683129311
"67","mmu00640","Propanoate metabolism",30,0.967741935483871,1,1,0.766510009765625,0.5,0.181124216419309
"68","mmu04670","Leukocyte transendothelial migration",86,0.722689075630252,1,1,0.761810302734375,0.523255813953488,0.206563773464619
"69","mmu04970","Salivary secretion",53,0.609195402298851,1,1,0.763031005859375,0.566037735849057,0.227134420252338
"70","mmu04512","ECM-receptor interaction",58,0.651685393258427,1,1,0.762908935546875,0.551724137931034,0.227427294958371
"71","mmu04014","Ras signaling pathway",199,0.839662447257384,1,1,0.748321533203125,0.542713567839196,0.234737620080988
"72","mmu04015","Rap1 signaling pathway",182,0.850467289719626,1,1,0.739471435546875,0.554945054945055,0.245089889442117
"73","mmu04974","Protein digestion and absorption",60,0.555555555555556,1,1,0.734100341796875,0.516666666666667,0.247118127933365
"74","mmu00140","Steroid hormone biosynthesis",20,0.198019801980198,1,1,0.766510009765625,0.55,0.258420267793551
"75","mmu04666","Fc gamma R-mediated phagosome formation",87,0.925531914893617,1,1,0.734527587890625,0.551724137931034,0.27513368609521
"76","mmu00513","Various types of N-glycan biosynthesis",42,0.91304347826087,1,1,0.724822998046875,0.5,0.289016108933688
"77","mmu03450","Non-homologous end-joining",12,0.923076923076923,1,1,0.781402587890625,0.5,0.309302335250395
"78","mmu00515","Mannose type O-glycan biosynthesis",21,0.91304347826087,1,1,0.748565673828125,0.523809523809524,0.324700266218514
"79","mmu00250","Alanine, aspartate and glutamate metabolism",33,0.846153846153846,1,1,0.772186279296875,0.53125,0.328869845216321
"80","mmu04072","Phospholipase D signaling pathway",123,0.825503355704698,1,1,0.746124267578125,0.528455284552846,0.341815501718142
"81","mmu03430","Mismatch repair",23,1,1,1,0.714691162109375,0.478260869565217,0.358841072416836
"82","mmu00232",NA,2,0.333333333333333,1,1,0.494232177734375,0,0.366536989681883
"83","mmu05170","Human immunodeficiency virus 1 infection",187,0.775933609958506,1,1,0.741729736328125,0.502673796791444,0.366702052307263
"84","mmu04151","PI3K-Akt signaling pathway",272,0.739130434782609,1,1,0.730743408203125,0.529411764705882,0.371603625930518
"85","mmu04820","Cytoskeleton in muscle cells",177,0.759656652360515,1,1,0.745697021484375,0.551136363636364,0.400071133686272
"86","mmu05206","MicroRNAs in cancer",172,0.540880503144654,1,1,0.766448974609375,0.511627906976744,0.417774265209579
"87","mmu04115","p53 signaling pathway",72,0.96,1,1,0.755767822265625,0.513888888888889,0.475868593659463
"88","mmu00910","Nitrogen metabolism",14,0.823529411764706,1,1,0.724822998046875,0.571428571428571,0.507881244061488
"89","mmu00061","Fatty acid biosynthesis",15,0.789473684210526,1,1,0.765960693359375,0.4,0.511056236947893
"90","mmu00071","Fatty acid degradation",40,0.769230769230769,1,1,0.717071533203125,0.5,0.526857877607668
"91","mmu05200",NA,437,0.795992714025501,1,1,0.763580322265625,0.512585812356979,0.530218037478452
"92","mmu01240","Biosynthesis of cofactors",117,0.764705882352941,1,1,0.767608642578125,0.52991452991453,0.543285999807673
"93","mmu01100",NA,1296,0.775583482944345,1,1,0.743438720703125,0.513931888544892,0.558833925722453
"94","mmu00340","Histidine metabolism",18,0.692307692307692,1,1,0.721527099609375,0.555555555555556,0.560827015990796
"95","mmu04530","Tight junction",140,0.828402366863905,1,1,0.758758544921875,0.471428571428571,0.591580839948286
"96","mmu04068","FoxO signaling pathway",114,0.857142857142857,1,1,0.776275634765625,0.543859649122807,0.592879744894762
"97","mmu04540","Gap junction",73,0.848837209302326,1,1,0.775970458984375,0.520547945205479,0.592879744894762
"98","mmu05230","Central carbon metabolism in cancer",64,0.927536231884058,1,1,0.771942138671875,0.546875,0.592879744894762
"99","mmu05100","Bacterial invasion of epithelial cells",68,0.883116883116883,1,1,0.762847900390625,0.514705882352941,0.603007129661462
"100","mmu05017","Spinocerebellar ataxia",131,0.929078014184397,1,1,0.763336181640625,0.519083969465649,0.622337637945617
"101","mmu04020","Calcium signaling pathway",181,0.709803921568627,1,1,0.762481689453125,0.519337016574586,0.64842525657702
"102","mmu05163","Human cytomegalovirus infection",187,0.736220472440945,1,1,0.763885498046875,0.502673796791444,0.67301493758483
"103","mmu04612","Antigen processing and presentation",51,0.593023255813954,1,1,0.758148193359375,0.470588235294118,0.682511058563786
"104","mmu05169","Epstein-Barr virus infection",175,0.770925110132159,1,1,0.770965576171875,0.502857142857143,0.688855248061808
"105","mmu04550","Signaling pathways regulating pluripotency of stem cells",121,0.864285714285714,1,1,0.766510009765625,0.495867768595041,0.691193108345996
"106","mmu04218","Cellular senescence",154,0.850828729281768,1,1,0.761749267578125,0.509803921568627,0.701906944553815
"107","mmu05215","Prostate cancer",94,0.878504672897196,1,1,0.775360107421875,0.5,0.724404522654745
"108","mmu05216","Thyroid cancer",36,0.972972972972973,1,1,0.781402587890625,0.472222222222222,0.724404522654745
"109","mmu04071","Sphingolipid signaling pathway",111,0.847328244274809,1,1,0.779022216796875,0.504504504504504,0.729741682443434
"110","mmu05219","Bladder cancer",36,0.878048780487805,1,1,0.781036376953125,0.5,0.741862535052455
"111","mmu04660","T cell receptor signaling pathway",99,0.811475409836066,1,1,0.772308349609375,0.484848484848485,0.78177450277068
"112","mmu00010","Glycolysis / Gluconeogenesis",55,0.82089552238806,1,1,0.772796630859375,0.537037037037037,0.783023213600563
"113","mmu03272","Virion - Hepatitis viruses",33,0.647058823529412,1,1,0.760101318359375,0.484848484848485,0.862911259543024
"114","mmu00310","Lysine degradation",58,0.90625,1,1,0.778594970703125,0.431034482758621,0.872026894045837
"115","mmu04390","Hippo signaling pathway",134,0.848101265822785,1,1,0.771575927734375,0.496240601503759,0.881197972479437
"116","mmu04922","Glucagon signaling pathway",85,0.817307692307692,1,1,0.776214599609375,0.517647058823529,0.907210621041086
"117","mmu05231","Choline metabolism in cancer",91,0.928571428571429,1,1,0.778656005859375,0.483516483516484,0.913525292322081
"118","mmu04382","Cornified envelope formation",98,0.441441441441441,1,1,0.781707763671875,0.479591836734694,0.918082061589437
"119","mmu05202","Transcriptional misregulation in cancer",146,0.666666666666667,1,1,0.774810791015625,0.506849315068493,0.918146538926596
"120","mmu01521","EGFR tyrosine kinase inhibitor resistance",77,0.9625,1,1,0.779327392578125,0.493506493506494,0.922038681566948
"121","mmu04010","MAPK signaling pathway",251,0.839464882943144,1,1,0.778350830078125,0.50996015936255,0.922038681566948
"122","mmu04972","Pancreatic secretion",60,0.521739130434783,1,1,0.781036376953125,0.483333333333333,0.935357942200256
"123","mmu04975","Fat digestion and absorption",24,0.558139534883721,1,1,0.791839599609375,0.5,0.935357942200256
"124","mmu01250","Biosynthesis of nucleotide sugars",34,0.894736842105263,1,1,0.782379150390625,0.5,0.946887242237105
"125","mmu04917","Prolactin signaling pathway",59,0.797297297297297,1,1,0.772674560546875,0.508474576271186,0.946887242237105
"126","mmu00020","Citrate cycle (TCA cycle)",29,0.90625,1,1,0.790313720703125,0.482758620689655,0.952375154841681
"127","mmu00230","Purine metabolism",102,0.761194029850746,1,1,0.776641845703125,0.529411764705882,0.954753189141593
"128","mmu05220","Chronic myeloid leukemia",74,0.973684210526316,1,1,0.783416748046875,0.513513513513513,0.965299020655147
"129","mmu03320","PPAR signaling pathway",53,0.595505617977528,1,1,0.786346435546875,0.509433962264151,0.973161462629242
"130","mmu05224","Breast cancer",124,0.843537414965986,1,1,0.786224365234375,0.475806451612903,0.987756913974389
"131","mmu05223","Non-small cell lung cancer",72,1,1,1,0.792205810546875,0.472222222222222,0.996813136148659
"132","mmu05226","Gastric cancer",126,0.84,1,1,0.783721923828125,0.484126984126984,0.996813136148659
"133","mmu05330","Allograft rejection",20,0.344827586206897,1,1,0.808441162109375,0.5,0.997614097394724
"134","mmu05332","Graft-versus-host disease",19,0.327586206896552,1,1,0.784393310546875,0.526315789473684,0.997614097394724
"135","mmu05416","Viral myocarditis",58,0.630434782608696,1,1,0.792938232421875,0.517241379310345,0.997614097394724
"136","mmu00440",NA,6,1,1,1,0.846038818359375,0.333333333333333,0.998461325852891
"137","mmu01212","Fatty acid metabolism",57,0.919354838709677,1,1,0.784698486328125,0.456140350877193,0.998479412852682
"138","mmu05168","Herpes simplex virus 1 infection",149,0.712918660287081,1,1,0.795684814453125,0.459459459459459,0.998761804119987
"139","mmu00620","Pyruvate metabolism",41,0.911111111111111,1,1,0.800018310546875,0.48780487804878,0.998796697902665
"140","mmu03020","RNA polymerase",32,1,1,1,0.798736572265625,0.46875,0.998805038538979
"141","mmu03420","Nucleotide excision repair",57,0.982758620689655,1,1,0.784820556640625,0.43859649122807,0.998805038538979
"142","mmu04371","Apelin signaling pathway",109,0.778571428571429,1,1,0.789031982421875,0.5,0.998821343112524
"143","mmu04144","Endocytosis",236,0.880597014925373,1,1,0.792022705078125,0.472340425531915,0.998823654068489
"144","mmu05165","Human papillomavirus infection",273,0.764705882352941,1,1,0.790618896484375,0.454212454212454,0.998840030033172
"145","mmu04120","Ubiquitin mediated proteolysis",142,0.91025641025641,1,1,0.791717529296875,0.492957746478873,0.998847156873682
"146","mmu05222","Small cell lung cancer",86,0.914893617021277,1,1,0.792694091796875,0.5,0.99885572793637
"147","mmu01232","Nucleotide metabolism",69,0.821428571428571,1,1,0.795867919921875,0.492753623188406,0.998856762867889
"148","mmu04710","Circadian rhythm",31,0.911764705882353,1,1,0.810211181640625,0.483870967741935,0.998914033692071
"149","mmu05205","Proteoglycans in cancer",169,0.82843137254902,1,1,0.790557861328125,0.476190476190476,0.998925622106183
"150","mmu05211","Renal cell carcinoma",67,0.957142857142857,1,1,0.806365966796875,0.432835820895522,0.998925622106183
"151","mmu04979","Cholesterol metabolism",39,0.764705882352941,1,1,0.797454833984375,0.512820512820513,0.9989282619749
"152","mmu04110","Cell cycle",153,0.974522292993631,1,1,0.807830810546875,0.477124183006536,0.998960231472043
"153","mmu00280","Valine, leucine and isoleucine degradation",53,0.929824561403509,1,1,0.786651611328125,0.461538461538462,0.999004592223879
"154","mmu04066","HIF-1 signaling pathway",99,0.846153846153846,1,1,0.799530029296875,0.5,0.999087085344527
"155","mmu04950","Maturity onset diabetes of the young",16,0.592592592592593,1,1,0.810516357421875,0.4375,0.99921595665209
"156","mmu05022","Pathways of neurodegeneration - multiple diseases",421,0.875259875259875,1,1,0.820709228515625,0.424821002386635,0.999218577424043
"157","mmu04630","JAK-STAT signaling pathway",102,0.596491228070175,1,1,0.793365478515625,0.509803921568627,0.999226483034591
"158","mmu04911","Insulin secretion",63,0.732558139534884,1,1,0.791412353515625,0.492063492063492,0.999229132769144
"159","mmu04925","Aldosterone synthesis and secretion",76,0.730769230769231,1,1,0.795562744140625,0.473684210526316,0.999229132769144
"160","mmu04931","Insulin resistance",93,0.845454545454545,1,1,0.796356201171875,0.478260869565217,0.999234454215589
"161","mmu03050","Proteasome",44,0.936170212765957,1,1,0.794158935546875,0.454545454545455,0.999264256257816
"162","mmu05412","Arrhythmogenic right ventricular cardiomyopathy",71,0.825581395348837,1,1,0.797821044921875,0.549295774647887,0.999331995726153
"163","mmu05214","Glioma",69,0.92,1,1,0.796478271484375,0.478260869565217,0.999426289772003
"164","mmu00564","Glycerophospholipid metabolism",90,0.882352941176471,1,1,0.786041259765625,0.488888888888889,0.999437962949044
"165","mmu03018","RNA degradation",76,0.91566265060241,1,1,0.831207275390625,0.426666666666667,0.999512885222649
"166","mmu04672","Intestinal immune network for IgA production",20,0.465116279069767,1,1,0.809173583984375,0.55,0.999524826963666
"167","mmu04330","Notch signaling pathway",59,0.921875,1,1,0.803436279296875,0.423728813559322,0.999533334478508
"168","mmu04136","Autophagy - other",31,0.96875,1,1,0.810455322265625,0.516129032258065,0.999573176301346
"169","mmu04012","ErbB signaling pathway",79,0.94047619047619,1,1,0.809417724609375,0.481012658227848,0.999579831873837
"170","mmu04720","Long-term potentiation",56,0.835820895522388,1,1,0.812530517578125,0.4,0.999579831873837
"171","mmu04725","Cholinergic synapse",89,0.780701754385965,1,1,0.804473876953125,0.48314606741573,0.999579831873837
"172","mmu04933","AGE-RAGE signaling pathway in diabetic complications",82,0.811881188118812,1,1,0.790069580078125,0.524390243902439,0.999579831873837
"173","mmu05213","Endometrial cancer",56,0.96551724137931,1,1,0.806060791015625,0.446428571428571,0.999579831873837
"174","mmu04920","Adipocytokine signaling pathway",59,0.819444444444444,1,1,0.797515869140625,0.491525423728814,0.999582059083903
"175","mmu04022","cGMP-PKG signaling pathway",128,0.744186046511628,1,1,0.797454833984375,0.476190476190476,0.999675673524384
"176","mmu05203","Viral carcinogenesis",190,0.84070796460177,1,1,0.805999755859375,0.468421052631579,0.999715809651772
"177","mmu05160","Hepatitis C",118,0.719512195121951,1,1,0.804229736328125,0.466101694915254,0.999855016141278
"178","mmu01320",NA,2,1,1,1,0.846527099609375,0.5,0.999861556270897
"179","mmu04724","Glutamatergic synapse",93,0.794871794871795,1,1,0.801727294921875,0.505376344086022,0.99987473766616
"180","mmu04060","Cytokine-cytokine receptor interaction",117,0.397959183673469,1,1,0.807525634765625,0.482758620689655,0.999942736927436
"181","mmu00030","Pentose phosphate pathway",27,0.794117647058823,1,1,0.804840087890625,0.518518518518518,0.999963771385048
"182","mmu00240","Pyrimidine metabolism",46,0.807017543859649,1,1,0.860015869140625,0.41304347826087,0.999963771385048
"183","mmu00400",NA,5,0.555555555555556,1,1,0.846588134765625,0.5,0.999963771385048
"184","mmu00531","Glycosaminoglycan degradation",17,0.80952380952381,1,1,0.866119384765625,0.470588235294118,0.999963771385048
"185","mmu00780",NA,3,1,1,1,0.999969482421875,0,0.999963771385048
"186","mmu00790","Folate biosynthesis",20,0.769230769230769,1,1,0.846588134765625,0.5,0.999963771385048
"187","mmu04070","Phosphatidylinositol signaling system",88,0.916666666666667,1,1,0.793975830078125,0.488636363636364,0.999963771385048
"188","mmu04130","SNARE interactions in vesicular transport",29,0.852941176470588,1,1,0.915740966796875,0.310344827586207,0.999963771385048
"189","mmu04613","Neutrophil extracellular trap formation",145,0.69377990430622,1,1,0.838165283203125,0.406896551724138,0.999963771385048
"190","mmu04714","Thermogenesis",211,0.894067796610169,1,1,0.860382080078125,0.37799043062201,0.999963771385048
"191","mmu04723","Retrograde endocannabinoid signaling",116,0.753246753246753,1,1,0.894439697265625,0.37719298245614,0.999963771385048
"192","mmu04744","Phototransduction",14,0.518518518518518,1,1,0.791656494140625,0.5,0.999963771385048
"193","mmu04915","Estrogen signaling pathway",98,0.73134328358209,1,1,0.835052490234375,0.438775510204082,0.999963771385048
"194","mmu04962","Vasopressin-regulated water reabsorption",38,0.863636363636364,1,1,0.864105224609375,0.421052631578947,0.999963771385048
"195","mmu04966","Collecting duct acid secretion",22,0.814814814814815,1,1,0.888702392578125,0.318181818181818,0.999963771385048
"196","mmu04971","Gastric acid secretion",51,0.68,1,1,0.825286865234375,0.450980392156863,0.999963771385048
"197","mmu04977","Vitamin digestion and absorption",21,0.807692307692308,1,1,0.862518310546875,0.428571428571429,0.999963771385048
"198","mmu05033","Nicotine addiction",21,0.525,1,1,0.829498291015625,0.428571428571429,0.999963771385048
"199","mmu05034","Alcoholism",160,0.769230769230769,1,1,0.839019775390625,0.383647798742138,0.999963771385048
"200","mmu05161","Hepatitis B",136,0.829268292682927,1,1,0.831817626953125,0.433823529411765,0.999963771385048
"201","mmu05221","Acute myeloid leukemia",57,0.814285714285714,1,1,0.814056396484375,0.473684210526316,0.999963771385048
"202","mmu00062","Fatty acid elongation",27,0.9,1,1,0.833160400390625,0.444444444444444,0.999963771385048
"203","mmu00120","Primary bile acid biosynthesis",10,0.555555555555556,1,1,0.906463623046875,0.3,0.999963771385048
"204","mmu00130","Ubiquinone and other terpenoid-quinone biosynthesis",9,0.75,1,1,0.882110595703125,0.444444444444444,0.999963771385048
"205","mmu00190","Oxidative phosphorylation",127,0.900709219858156,1,1,0.910186767578125,0.296,0.999963771385048
"206","mmu00350","Tyrosine metabolism",28,0.7,1,1,0.858673095703125,0.444444444444444,0.999963771385048
"207","mmu00380","Tryptophan metabolism",33,0.634615384615385,1,1,0.866973876953125,0.40625,0.999963771385048
"208","mmu00410","beta-Alanine metabolism",29,0.90625,1,1,0.807952880859375,0.448275862068966,0.999963771385048
"209","mmu00470",NA,6,1,1,1,0.936981201171875,0.333333333333333,0.999963771385048
"210","mmu00510","N-Glycan biosynthesis",52,0.912280701754386,1,1,0.818389892578125,0.403846153846154,0.999963771385048
"211","mmu00532","Glycosaminoglycan biosynthesis - chondroitin sulfate / dermatan sulfate",20,0.952380952380952,1,1,0.846588134765625,0.5,0.999963771385048
"212","mmu00534","Glycosaminoglycan biosynthesis - heparan sulfate / heparin",19,0.791666666666667,1,1,0.864105224609375,0.368421052631579,0.999963771385048
"213","mmu00541","Biosynthesis of various nucleotide sugars",20,0.952380952380952,1,1,0.895355224609375,0.368421052631579,0.999963771385048
"214","mmu00562","Inositol phosphate metabolism",69,0.896103896103896,1,1,0.796478271484375,0.507246376811594,0.999963771385048
"215","mmu00563","Glycosylphosphatidylinositol (GPI)-anchor biosynthesis",30,1,1,1,0.949676513671875,0.266666666666667,0.999963771385048
"216","mmu00565","Ether lipid metabolism",40,0.816326530612245,1,1,0.892303466796875,0.35,0.999963771385048
"217","mmu00590","Arachidonic acid metabolism",42,0.471910112359551,1,1,0.854095458984375,0.380952380952381,0.999963771385048
"218","mmu00591","Linoleic acid metabolism",18,0.327272727272727,1,1,0.859832763671875,0.388888888888889,0.999963771385048
"219","mmu00592","alpha-Linolenic acid metabolism",19,0.76,1,1,0.803741455078125,0.315789473684211,0.999963771385048
"220","mmu00650","Butanoate metabolism",22,0.814814814814815,1,1,0.846588134765625,0.363636363636364,0.999963771385048
"221","mmu00740",NA,8,1,1,1,0.918731689453125,0.375,0.999963771385048
"222","mmu00750",NA,9,1,1,1,0.804840087890625,0.555555555555556,0.999963771385048
"223","mmu00760","Nicotinate and nicotinamide metabolism",35,0.813953488372093,1,1,0.836456298828125,0.457142857142857,0.999963771385048
"224","mmu00770","Pantothenate and CoA biosynthesis",19,0.904761904761905,1,1,0.785247802734375,0.526315789473684,0.999963771385048
"225","mmu00860","Porphyrin metabolism",26,0.553191489361702,1,1,0.893890380859375,0.384615384615385,0.999963771385048
"226","mmu00900","Terpenoid backbone biosynthesis",21,0.91304347826087,1,1,0.891204833984375,0.380952380952381,0.999963771385048
"227","mmu00980","Metabolism of xenobiotics by cytochrome P450",36,0.473684210526316,1,1,0.864654541015625,0.388888888888889,0.999963771385048
"228","mmu00982","Drug metabolism - cytochrome P450",36,0.5,1,1,0.864654541015625,0.388888888888889,0.999963771385048
"229","mmu01040","Biosynthesis of unsaturated fatty acids",29,0.852941176470588,1,1,0.833953857421875,0.344827586206897,0.999963771385048
"230","mmu01522","Endocrine resistance",87,0.935483870967742,1,1,0.850128173828125,0.425287356321839,0.999963771385048
"231","mmu01524","Platinum drug resistance",72,0.888888888888889,1,1,0.825469970703125,0.402777777777778,0.999963771385048
"232","mmu02010","ABC transporters",34,0.586206896551724,1,1,0.899322509765625,0.323529411764706,0.999963771385048
"233","mmu03010","Ribosome",187,0.570121951219512,1,1,0.891571044921875,0.295081967213115,0.999963771385048
"234","mmu03013","Nucleocytoplasmic transport",107,0.906779661016949,1,1,0.821807861328125,0.467289719626168,0.999963771385048
"235","mmu03015","mRNA surveillance pathway",93,0.894230769230769,1,1,0.820037841796875,0.434782608695652,0.999963771385048
"236","mmu03022","Basal transcription factors",41,0.931818181818182,1,1,0.943145751953125,0.219512195121951,0.999963771385048
"237","mmu03030","DNA replication",35,0.972222222222222,1,1,0.814727783203125,0.428571428571429,0.999963771385048
"238","mmu03040",NA,226,0.214421252371917,1,1,0.926361083984375,0.296803652968037,0.999963771385048
"239","mmu03082","ATP-dependent chromatin remodeling",110,0.814814814814815,1,1,0.837127685546875,0.381818181818182,0.999963771385048
"240","mmu03250","Viral life cycle - HIV-1",52,0.825396825396825,1,1,0.846282958984375,0.423076923076923,0.999963771385048
"241","mmu03266","Virion - Herpesvirus",8,0.8,1,1,0.846588134765625,0.5,0.999963771385048
"242","mmu03267",NA,4,1,1,1,0.846588134765625,0.5,0.999963771385048
"243","mmu03271",NA,1,0.5,1,1,0.999969482421875,0,0.999963771385048
"244","mmu03273","Virion - Lassa virus and SFTS virus",9,0.428571428571429,1,1,0.804840087890625,0.555555555555556,0.999963771385048
"245","mmu03410","Base excision repair",44,0.936170212765957,1,1,0.861419677734375,0.409090909090909,0.999963771385048
"246","mmu03440","Homologous recombination",40,0.952380952380952,1,1,0.845306396484375,0.425,0.999963771385048
"247","mmu03460","Fanconi anemia pathway",52,1,1,1,0.846221923828125,0.403846153846154,0.999963771385048
"248","mmu04024","cAMP signaling pathway",159,0.709821428571429,1,1,0.829925537109375,0.443037974683544,0.999963771385048
"249","mmu04061","Viral protein interaction with cytokine and cytokine receptor",23,0.242105263157895,1,1,0.812896728515625,0.5,0.999963771385048
"250","mmu04062","Chemokine signaling pathway",124,0.639175257731959,1,1,0.824676513671875,0.447154471544715,0.999963771385048
"251","mmu04081","Hormone signaling",121,0.55,1,1,0.818511962890625,0.479338842975207,0.999963771385048
"252","mmu04114","Oocyte meiosis",107,0.869918699186992,1,1,0.858306884765625,0.377358490566038,0.999963771385048
"253","mmu04122",NA,8,1,1,1,0.918731689453125,0.375,0.999963771385048
"254","mmu04137","Mitophagy - animal",97,0.96039603960396,1,1,0.863494873046875,0.412371134020619,0.999963771385048
"255","mmu04140","Autophagy - animal",158,0.946107784431138,1,1,0.870513916015625,0.367088607594937,0.999963771385048
"256","mmu04141","Protein processing in endoplasmic reticulum",163,0.905555555555556,1,1,0.863800048828125,0.368098159509202,0.999963771385048
"257","mmu04145","Phagocytosis",184,0.60327868852459,1,1,0.854583740234375,0.396739130434783,0.999963771385048
"258","mmu04146","Peroxisome",75,0.862068965517241,1,1,0.807098388671875,0.413333333333333,0.999963771385048
"259","mmu04150","mTOR signaling pathway",142,0.89873417721519,1,1,0.822784423828125,0.422535211267606,0.999963771385048
"260","mmu04152","AMPK signaling pathway",106,0.834645669291339,1,1,0.836517333984375,0.462264150943396,0.999963771385048
"261","mmu04210","Apoptosis",118,0.867647058823529,1,1,0.807342529296875,0.483050847457627,0.999963771385048
"262","mmu04211","Longevity regulating pathway",79,0.877777777777778,1,1,0.829620361328125,0.468354430379747,0.999963771385048
"263","mmu04213","Longevity regulating pathway - multiple species",54,0.885245901639344,1,1,0.858673095703125,0.462962962962963,0.999963771385048
"264","mmu04215","Apoptosis - multiple species",32,1,1,1,0.799163818359375,0.5,0.999963771385048
"265","mmu04216","Ferroptosis",38,0.926829268292683,1,1,0.806671142578125,0.447368421052632,0.999963771385048
"266","mmu04217","Necroptosis",127,0.717514124293785,1,1,0.848846435546875,0.409448818897638,0.999963771385048
"267","mmu04261","Adrenergic signaling in cardiomyocytes",120,0.769230769230769,1,1,0.818023681640625,0.470588235294118,0.999963771385048
"268","mmu04270","Vascular smooth muscle contraction",94,0.652777777777778,1,1,0.810577392578125,0.473118279569892,0.999963771385048
"269","mmu04310","Wnt signaling pathway",154,0.860335195530726,1,1,0.812530517578125,0.441558441558442,0.999963771385048
"270","mmu04370","VEGF signaling pathway",55,0.948275862068966,1,1,0.840057373046875,0.436363636363636,0.999963771385048
"271","mmu04380","Osteoclast differentiation",101,0.765151515151515,1,1,0.828399658203125,0.465346534653465,0.999963771385048
"272","mmu04519","Cadherin signaling",276,0.666666666666667,1,1,0.822967529296875,0.429090909090909,0.999963771385048
"273","mmu04610","Complement and coagulation cascades",40,0.421052631578947,1,1,0.809295654296875,0.525,0.999963771385048
"274","mmu04611","Platelet activation",100,0.793650793650794,1,1,0.820648193359375,0.494949494949495,0.999963771385048
"275","mmu04620","Toll-like receptor signaling pathway",72,0.692307692307692,1,1,0.904693603515625,0.333333333333333,0.999963771385048
"276","mmu04621","NOD-like receptor signaling pathway",128,0.60377358490566,1,1,0.840667724609375,0.453125,0.999963771385048
"277","mmu04622","RIG-I-like receptor signaling pathway",48,0.657534246575342,1,1,0.885772705078125,0.395833333333333,0.999963771385048
"278","mmu04623","Cytosolic DNA-sensing pathway",53,0.646341463414634,1,1,0.825836181640625,0.452830188679245,0.999963771385048
"279","mmu04625","C-type lectin receptor signaling pathway",80,0.714285714285714,1,1,0.828155517578125,0.4375,0.999963771385048
"280","mmu04650","Natural killer cell mediated cytotoxicity",68,0.581196581196581,1,1,0.813140869140625,0.455882352941176,0.999963771385048
"281","mmu04657","IL-17 signaling pathway",57,0.587628865979381,1,1,0.904693603515625,0.368421052631579,0.999963771385048
"282","mmu04659","Th17 cell differentiation",79,0.752380952380952,1,1,0.842132568359375,0.455696202531646,0.999963771385048
"283","mmu04662","B cell receptor signaling pathway",65,0.8125,1,1,0.840789794921875,0.4,0.999963771385048
"284","mmu04664","Fc epsilon RI signaling pathway",56,0.848484848484849,1,1,0.833709716796875,0.428571428571429,0.999963771385048
"285","mmu04722","Neurotrophin signaling pathway",114,0.942148760330578,1,1,0.839080810546875,0.394736842105263,0.999963771385048
"286","mmu04726","Serotonergic synapse",75,0.547445255474453,1,1,0.822174072265625,0.493333333333333,0.999963771385048
"287","mmu04727","GABAergic synapse",62,0.681318681318681,1,1,0.834564208984375,0.5,0.999963771385048
"288","mmu04740",NA,53,0.0435497124075596,1,1,0.923553466796875,0.30188679245283,0.999963771385048
"289","mmu04742","Taste transduction",34,0.369565217391304,1,1,0.900177001953125,0.352941176470588,0.999963771385048
"290","mmu04750","Inflammatory mediator regulation of TRP channels",83,0.638461538461538,1,1,0.816558837890625,0.48780487804878,0.999963771385048
"291","mmu04814","Motor proteins",161,0.813131313131313,1,1,0.852264404296875,0.391304347826087,0.999963771385048
"292","mmu04910","Insulin signaling pathway",124,0.885714285714286,1,1,0.804595947265625,0.463414634146341,0.999963771385048
"293","mmu04912","GnRH signaling pathway",78,0.866666666666667,1,1,0.846405029296875,0.435897435897436,0.999963771385048
"294","mmu04913","Ovarian steroidogenesis",34,0.53125,1,1,0.883758544921875,0.382352941176471,0.999963771385048
"295","mmu04914","Progesterone-mediated oocyte maturation",83,0.89247311827957,1,1,0.887359619140625,0.36144578313253,0.999963771385048
"296","mmu04916","Melanogenesis",80,0.8,1,1,0.814727783203125,0.4375,0.999963771385048
"297","mmu04918","Thyroid hormone synthesis",55,0.743243243243243,1,1,0.812896728515625,0.490909090909091,0.999963771385048
"298","mmu04921","Oxytocin signaling pathway",121,0.785714285714286,1,1,0.802154541015625,0.491666666666667,0.999963771385048
"299","mmu04923","Regulation of lipolysis in adipocytes",41,0.719298245614035,1,1,0.837982177734375,0.48780487804878,0.999963771385048
"300","mmu04924","Renin secretion",47,0.626666666666667,1,1,0.822418212890625,0.468085106382979,0.999963771385048
"301","mmu04926","Relaxin signaling pathway",105,0.801526717557252,1,1,0.842864990234375,0.438095238095238,0.999963771385048
"302","mmu04927","Cortisol synthesis and secretion",49,0.680555555555556,1,1,0.824127197265625,0.469387755102041,0.999963771385048
"303","mmu04928","Parathyroid hormone synthesis, secretion and action",95,0.818965517241379,1,1,0.811248779296875,0.526315789473684,0.999963771385048
"304","mmu04929","GnRH secretion",48,0.761904761904762,1,1,0.799163818359375,0.5,0.999963771385048
"305","mmu04930","Type II diabetes mellitus",39,0.8125,1,1,0.837493896484375,0.461538461538462,0.999963771385048
"306","mmu04932","Non-alcoholic fatty liver disease",142,0.876543209876543,1,1,0.846221923828125,0.435714285714286,0.999963771385048
"307","mmu04934","Cushing syndrome",129,0.796296296296296,1,1,0.826568603515625,0.441860465116279,0.999963771385048
"308","mmu04935","Growth hormone synthesis, secretion and action",99,0.846153846153846,1,1,0.804718017578125,0.494949494949495,0.999963771385048
"309","mmu04936","Alcoholic liver disease",100,0.709219858156028,1,1,0.846160888671875,0.43,0.999963771385048
"310","mmu04976","Bile secretion",46,0.455445544554455,1,1,0.814300537109375,0.456521739130435,0.999963771385048
"311","mmu04980","Cobalamin transport and metabolism",16,0.941176470588235,1,1,0.846588134765625,0.375,0.999963771385048
"312","mmu05010","Alzheimer disease",341,0.876606683804627,1,1,0.840728759765625,0.421828908554572,0.999963771385048
"313","mmu05012","Parkinson disease",246,0.897810218978102,1,1,0.849151611328125,0.389344262295082,0.999963771385048
"314","mmu05014","Amyotrophic lateral sclerosis",339,0.906417112299465,1,1,0.828155517578125,0.43026706231454,0.999963771385048
"315","mmu05016","Huntington disease",281,0.912337662337662,1,1,0.824676513671875,0.422939068100358,0.999963771385048
"316","mmu05020","Prion disease",238,0.871794871794872,1,1,0.845733642578125,0.411016949152542,0.999963771385048
"317","mmu05030","Cocaine addiction",41,0.854166666666667,1,1,0.854522705078125,0.439024390243902,0.999963771385048
"318","mmu05031","Amphetamine addiction",57,0.826086956521739,1,1,0.857818603515625,0.375,0.999963771385048
"319","mmu05032","Morphine addiction",61,0.655913978494624,1,1,0.840545654296875,0.491803278688525,0.999963771385048
"320","mmu05132","Salmonella infection",219,0.876,1,1,0.810028076171875,0.474885844748858,0.999963771385048
"321","mmu05133","Pertussis",49,0.636363636363636,1,1,0.912261962890625,0.346938775510204,0.999963771385048
"322","mmu05134","Legionellosis",39,0.661016949152542,1,1,0.866119384765625,0.384615384615385,0.999963771385048
"323","mmu05135","Yersinia infection",118,0.867647058823529,1,1,0.833587646484375,0.423728813559322,0.999963771385048
"324","mmu05140","Leishmaniasis",45,0.642857142857143,1,1,0.894622802734375,0.377777777777778,0.999963771385048
"325","mmu05142","Chagas disease",75,0.728155339805825,1,1,0.876434326171875,0.44,0.999963771385048
"326","mmu05150","Staphylococcus aureus infection",27,0.206106870229008,1,1,0.920684814453125,0.333333333333333,0.999963771385048
"327","mmu05152","Tuberculosis",116,0.644444444444444,1,1,0.846160888671875,0.405172413793103,0.999963771385048
"328","mmu05166","Human T-cell leukemia virus 1 infection",200,0.816326530612245,1,1,0.831451416015625,0.44,0.999963771385048
"329","mmu05167","Kaposi sarcoma-associated herpesvirus infection",158,0.711711711711712,1,1,0.812957763671875,0.449367088607595,0.999963771385048
"330","mmu05171","Coronavirus disease",197,0.589820359281437,1,1,0.945098876953125,0.217616580310881,0.999963771385048
"331","mmu05207","Chemical carcinogenesis - receptor activation",154,0.666666666666667,1,1,0.806610107421875,0.474025974025974,0.999963771385048
"332","mmu05208","Chemical carcinogenesis - reactive oxygen species",210,0.91703056768559,1,1,0.866973876953125,0.365384615384615,0.999963771385048
"333","mmu05210","Colorectal cancer",83,0.943181818181818,1,1,0.850311279296875,0.409638554216867,0.999963771385048
"334","mmu05212","Pancreatic cancer",75,0.986842105263158,1,1,0.884124755859375,0.413333333333333,0.999963771385048
"335","mmu05217","Basal cell carcinoma",54,0.857142857142857,1,1,0.819183349609375,0.444444444444444,0.999963771385048
"336","mmu05225","Hepatocellular carcinoma",156,0.896551724137931,1,1,0.826995849609375,0.435897435897436,0.999963771385048
"337","mmu05235","PD-L1 expression and PD-1 checkpoint pathway in cancer",82,0.931818181818182,1,1,0.861602783203125,0.390243902439024,0.999963771385048
"338","mmu05310","Asthma",6,0.24,1,1,0.985260009765625,0.166666666666667,0.999963771385048
"339","mmu05320","Autoimmune thyroid disease",21,0.283783783783784,1,1,0.828643798828125,0.476190476190476,0.999963771385048
"340","mmu05321","Inflammatory bowel disease",30,0.483870967741935,1,1,0.936981201171875,0.3,0.999963771385048
"341","mmu05322","Systemic lupus erythematosus",95,0.633333333333333,1,1,0.883148193359375,0.347368421052632,0.999963771385048
"342","mmu05323","Rheumatoid arthritis",48,0.551724137931034,1,1,0.897613525390625,0.354166666666667,0.999963771385048
"343","mmu05410","Hypertrophic cardiomyopathy",76,0.76,1,1,0.816680908203125,0.513157894736842,0.999963771385048
"344","mmu05415","Diabetic cardiomyopathy",185,0.856481481481482,1,1,0.857208251953125,0.417582417582418,0.999963771385048
"345","mmu05417","Lipid and atherosclerosis",152,0.700460829493088,1,1,0.832061767578125,0.447368421052632,0.999963771385048
"346","mmu05418","Fluid shear stress and atherosclerosis",121,0.812080536912752,1,1,0.805938720703125,0.487603305785124,0.999963771385048
"347","mmu00500","Starch and sucrose metabolism",20,0.571428571428571,1,1,0.839202880859375,0.35,0.999963771385048
"348","mmu00920","Sulfur metabolism",9,0.818181818181818,1,1,0.882049560546875,0.444444444444444,0.999963771385048
"349","mmu00983","Drug metabolism - other enzymes",50,0.520833333333333,1,1,0.831817626953125,0.4,0.999963771385048
"350","mmu03060","Protein export",34,0.80952380952381,1,1,0.875152587890625,0.363636363636364,0.999963771385048
"351","mmu03083","Polycomb repressive complex",81,0.920454545454545,1,1,0.808319091796875,0.475,0.999963771385048
"352","mmu04064","NF-kappa B signaling pathway",80,0.747663551401869,1,1,0.837371826171875,0.4375,0.999963771385048
"353","mmu04080","Neuroactive ligand-receptor interaction",144,0.366412213740458,1,1,0.866851806640625,0.388888888888889,0.999963771385048
"354","mmu04082","Neuroactive ligand signaling",105,0.535714285714286,1,1,0.833343505859375,0.419047619047619,0.999963771385048
"355","mmu04142","Lysosome biogenesis",232,0.913385826771654,1,1,0.845367431640625,0.422413793103448,0.999963771385048
"356","mmu04260","Cardiac muscle contraction",69,0.775280898876405,1,1,0.816802978515625,0.449275362318841,0.999963771385048
"357","mmu04658","Th1 and Th2 cell differentiation",67,0.761363636363636,1,1,0.851287841796875,0.432835820895522,0.999963771385048
"358","mmu04668","TNF signaling pathway",96,0.813559322033898,1,1,0.806793212890625,0.46875,0.999963771385048
"359","mmu04713","Circadian entrainment",79,0.79,1,1,0.806427001953125,0.443037974683544,0.999963771385048
"360","mmu04721","Synaptic vesicle cycle",59,0.766233766233766,1,1,0.886871337890625,0.322033898305085,0.999963771385048
"361","mmu04728","Dopaminergic synapse",112,0.817518248175182,1,1,0.829559326171875,0.459459459459459,0.999963771385048
"362","mmu04961","Endocrine and other factor-regulated calcium reabsorption",38,0.622950819672131,1,1,0.895111083984375,0.394736842105263,0.999963771385048
"363","mmu05145","Toxoplasmosis",88,0.807339449541284,1,1,0.846160888671875,0.409090909090909,0.999963771385048
"364","mmu05162","Measles",101,0.711267605633803,1,1,0.862701416015625,0.405940594059406,0.999963771385048
"365","mmu05164","Influenza A",113,0.649425287356322,1,1,0.872283935546875,0.398230088495575,0.999963771385048
"366","mmu05204","Chemical carcinogenesis - DNA adducts",29,0.322222222222222,1,1,0.879425048828125,0.310344827586207,0.999963771385048
"367","mmu05340","Primary immunodeficiency",26,0.722222222222222,1,1,0.893951416015625,0.384615384615385,0.999963771385048
"368","mmu05414","Dilated cardiomyopathy",79,0.766990291262136,1,1,0.850006103515625,0.468354430379747,0.999963771385048
